time,task,role,kind,status,lean,source,run_id,notes
2026-06-25T01:31:20+00:00,BRL-UCB-PORT-001,upper,plan,queued,,,20260625-103120-BRL-UCB-PORT-001-cycle01,created hierarchical prompt deck with 3 lower prompts
2026-06-25T01:32:52+00:00,BRL-UCB-PORT-001,upper,plan,queued,,,20260625-103252-BRL-UCB-PORT-001-cycle01,created hierarchical prompt deck with 1 lower prompts
2026-06-25T01:32:52+00:00,BRL-UCB-PORT-001,agent,attempt,compiled,,,20260625-103252-BRL-UCB-PORT-001-cycle01,executed runs/20260625-103252-BRL-UCB-PORT-001-cycle01/10_upper_director.md in 0.0s
2026-06-25T01:32:52+00:00,BRL-UCB-PORT-001,agent,attempt,compiled,,,20260625-103252-BRL-UCB-PORT-001-cycle01,executed runs/20260625-103252-BRL-UCB-PORT-001-cycle01/20_middle_formalizer.md in 0.0s
2026-06-25T01:32:52+00:00,BRL-UCB-PORT-001,agent,attempt,compiled,,,20260625-103252-BRL-UCB-PORT-001-cycle01,executed runs/20260625-103252-BRL-UCB-PORT-001-cycle01/31_lower_1.md in 0.0s
2026-06-25T01:32:52+00:00,BRL-UCB-PORT-001,agent,attempt,compiled,,,20260625-103252-BRL-UCB-PORT-001-cycle01,executed runs/20260625-103252-BRL-UCB-PORT-001-cycle01/40_reviewer.md in 0.0s
2026-07-17T03:49:25+00:00,EXP3-MIXED-SQUARE-PREDICTABLE-VARIANCE-SPARSE-LOSS-REALIZED-MARKOV-EXPLICIT-TUNING,reviewer,review,accepted,BanditRLProof.Exp3MixedSquarePredictableVarianceSparseLossRealizedMarkovExplicitTuning,BanditRLProof/Exp3MixedSquarePredictableVarianceSparseLossRealizedMarkovExplicitTuning.lean,,"Independent local review found no P0-P2; one P3 undefined scale symbol in completion_gap_audit was fixed. Markov normalization, fifth-power contract, constant 14, event inclusion, and four schedule contracts verified."
2026-07-17T03:50:26+00:00,EXP3-MIXED-SQUARE-PREDICTABLE-VARIANCE-SPARSE-LOSS-REALIZED-MARKOV-EXPLICIT-TUNING,lower,build,compiled,BanditRLProof.Exp3MixedSquarePredictableVarianceSparseLossRealizedMarkovExplicitTuning,BanditRLProof/Exp3MixedSquarePredictableVarianceSparseLossRealizedMarkovExplicitTuning.lean,,"Compiled explicit fifth-root gamma schedule, characterized 14*gamma*T tail, root import, and Tests.Basic canary; full bandit check passed."
2026-07-17T04:00:34+00:00,EXP3-MIXED-SQUARE-PREDICTABLE-VARIANCE-SPARSE-LOSS-REALIZED-MARKOV-ALL-HORIZON,lower,build,compiled,BanditRLProof.Exp3MixedSquarePredictableVarianceSparseLossRealizedMarkovAllHorizon,BanditRLProof/Exp3MixedSquarePredictableVarianceSparseLossRealizedMarkovAllHorizon.lean,,"Compiled all-horizon sparse-loss predictable-variance Markov route with explicit refined branch and strict T+1 fallback; root import, Tests.Basic canary, retrieval sync, and full bandit check passed."
2026-07-17T04:01:40+00:00,EXP3-MIXED-SQUARE-PREDICTABLE-VARIANCE-SPARSE-LOSS-REALIZED-MARKOV-ALL-HORIZON,reviewer,review,accepted,BanditRLProof.Exp3MixedSquarePredictableVarianceSparseLossRealizedMarkovAllHorizon,BanditRLProof/Exp3MixedSquarePredictableVarianceSparseLossRealizedMarkovAllHorizon.lean,,"Independent review found no P0-P3. Verified four-condition order, identical eta/gamma across branches, strict T+1 event direction, removal of caller regime premises, and coarse-fallback claim discipline."
2026-07-17T04:14:55+00:00,EXP3-MIXED-SQUARE-PREDICTABLE-VARIANCE-SPARSE-LOSS-REALIZED-MARKOV-AE-SPARSITY-ALL-HORIZON,lower,build,compiled,BanditRLProof.Exp3MixedSquarePredictableVarianceSparseLossRealizedMarkovAESparsityAllHorizon,local,,Generalized small-loss mass contracts to exact-measure a.e.; compiled raw a.e.-sparse total-delta and all-horizon consumer; Tests.Basic external canary passed.
2026-07-17T04:23:08+00:00,EXP3-MIXED-SQUARE-PREDICTABLE-VARIANCE-SPARSE-LOSS-REALIZED-MARKOV-AE-SPARSITY-ALL-HORIZON,reviewer,review,accepted,BanditRLProof.Exp3MixedSquarePredictableVarianceSparseLossRealizedMarkovAESparsityAllHorizon,019f6e49-4b47-7720-8fbe-6f3be4aa5f8c,,"Independent review found no P0-P3. Verified exact generated measures, a.e. lintegral and event transport, zero additional failure allocation, explicit-to-raw event inclusion direction, identical eta/gamma, strict T+1 fallback, universal-wrapper compatibility, and documentation claim discipline."
2026-07-17T04:43:47+00:00,EXP3-MIXED-SQUARE-PREDICTABLE-VARIANCE-SPARSE-LOSS-REALIZED-MARKOV-PROBABILISTIC-SPARSITY,lower,build,compiled,BanditRLProof.Exp3MixedSquarePredictableVarianceSparseLossRealizedMarkovProbabilisticSparsity,BanditRLProof/Exp3MixedSquarePredictableVarianceSparseLossRealizedMarkovProbabilisticSparsity.lean,,"Compiled exact sparsity-failure event, explicit-bad-set realized residual propagation, global K*T variance envelope, delta+mu(bad) theorem, delta+epsilon consumer, root import, Tests.Basic canary, tools/docs/retrieval sync."
2026-07-17T04:45:05+00:00,EXP3-MIXED-SQUARE-PREDICTABLE-VARIANCE-SPARSE-LOSS-REALIZED-MARKOV-PROBABILISTIC-SPARSITY,reviewer,review,accepted,BanditRLProof.Exp3MixedSquarePredictableVarianceSparseLossRealizedMarkovProbabilisticSparsity,019f6e49-4b47-7720-8fbe-6f3be4aa5f8c,,"Independent review found no P0-P3. Verified exact generated measure, event directions, S*T good-path use, global K*T variance lintegral, five delta/5 allocations plus mu(bad), compatibility wrappers, regularity, and no all-horizon 14*gamma*T overclaim."
2026-07-17T04:53:26+00:00,EXP3-MIXED-SQUARE-PREDICTABLE-VARIANCE-SPARSE-LOSS-REALIZED-MARKOV-PROBABILISTIC-SPARSITY-TUNING,lower,build,compiled,BanditRLProof.Exp3MixedSquarePredictableVarianceSparseLossRealizedMarkovProbabilisticSparsityTuning,BanditRLProof/Exp3MixedSquarePredictableVarianceSparseLossRealizedMarkovProbabilisticSparsityTuning.lean,,"Compiled global-K*T probabilistic-sparsity variance budget, balanced eta/scale algebra, raw-to-tuned budget comparison, exact-measure delta+mu(bad) theorem, delta+epsilon consumer, root import, Tests.Basic canary, and tools/docs/retrieval sync."
2026-07-17T04:56:08+00:00,EXP3-MIXED-SQUARE-PREDICTABLE-VARIANCE-SPARSE-LOSS-REALIZED-MARKOV-PROBABILISTIC-SPARSITY-TUNING,reviewer,review,accepted,BanditRLProof.Exp3MixedSquarePredictableVarianceSparseLossRealizedMarkovProbabilisticSparsityTuning,019f6e49-4b47-7720-8fbe-6f3be4aa5f8c,,"Independent review found no P0-P3. Verified global K*T Markov budget, S*T plus global-radius scale, positivity, eta balance, three-copy Hedge algebra, raw-to-tuned event direction, identical internal measure, exact ENNReal delta+epsilon form, compatibility, and claim discipline."
2026-07-17T05:12:01+00:00,EXP3-MIXED-SQUARE-PREDICTABLE-VARIANCE-SPARSE-LOSS-REALIZED-MARKOV-PROBABILISTIC-SPARSITY-EXPLICIT-TUNING,lower,build,compiled,BanditRLProof.Exp3MixedSquarePredictableVarianceSparseLossRealizedMarkovProbabilisticSparsityExplicitTuning,BanditRLProof/Exp3MixedSquarePredictableVarianceSparseLossRealizedMarkovProbabilisticSparsityExplicitTuning.lean,,"Compiled global K^2 Markov budget normalization, gamma-characterized 14*gamma*T comparison, explicit four-component clipped gamma schedule, exact-measure delta+mu(bad) theorem, delta+epsilon consumer, root import, Tests.Basic canary, and tools/docs/retrieval synchronization."
2026-07-17T05:15:12+00:00,EXP3-MIXED-SQUARE-PREDICTABLE-VARIANCE-SPARSE-LOSS-REALIZED-MARKOV-PROBABILISTIC-SPARSITY-EXPLICIT-TUNING,reviewer,review,accepted,BanditRLProof.Exp3MixedSquarePredictableVarianceSparseLossRealizedMarkovProbabilisticSparsityExplicitTuning,019f6e49-4b47-7720-8fbe-6f3be4aa5f8c,,"Independent review found no P0-P3. Verified the 5*K^2*T/(gamma*delta) global budget, fifth-power radius contract, four clipped schedule components and 4/32/8/8 horizon constants, 6+1+3+3+1=14 threshold accounting, event inclusion, identical internal eta/gamma measure for residual and epsilon endpoints, and documentation claim discipline."
2026-07-17T05:22:35+00:00,EXP3-MIXED-SQUARE-PREDICTABLE-VARIANCE-SPARSE-LOSS-REALIZED-MARKOV-PROBABILISTIC-SPARSITY-ALL-HORIZON,lower,build,compiled,BanditRLProof.Exp3MixedSquarePredictableVarianceSparseLossRealizedMarkovProbabilisticSparsityAllHorizon,BanditRLProof/Exp3MixedSquarePredictableVarianceSparseLossRealizedMarkovProbabilisticSparsityAllHorizon.lean,,"Compiled named probabilistic-sparsity large-horizon regime, branch threshold using explicit 14*gamma*T or strict T+1, exact-measure delta+mu(bad) residual, all-horizon delta+epsilon consumer, root import, Tests.Basic canary, and tools/docs/retrieval synchronization."
2026-07-17T05:25:04+00:00,EXP3-MIXED-SQUARE-PREDICTABLE-VARIANCE-SPARSE-LOSS-REALIZED-MARKOV-PROBABILISTIC-SPARSITY-ALL-HORIZON,reviewer,review,accepted,BanditRLProof.Exp3MixedSquarePredictableVarianceSparseLossRealizedMarkovProbabilisticSparsityAllHorizon,019f6e49-4b47-7720-8fbe-6f3be4aa5f8c,,"Independent review found no P0-P3. Verified four-condition order, true explicit and false strict T+1 branches, identical internal eta/gamma/generated measure, trivial-tail weakening to delta+mu(bad), exact same-measure epsilon endpoint, removal of caller regime proof, dependency graph, and claim discipline."
2026-07-17T05:44:09+00:00,EXP3-MIXED-SQUARE-PREDICTABLE-VARIANCE-SPARSE-LOSS-REALIZED-PATHWISE-VARIANCE-PROBABILISTIC-SPARSITY,lower,build,compiled,BanditRLProof.Exp3MixedSquarePredictableVarianceSparseLossRealizedPathwiseVarianceProbabilisticSparsity,BanditRLProof/Exp3MixedSquarePredictableVarianceSparseLossRealizedPathwiseVarianceProbabilisticSparsity.lean,,"Compiled three off-bad small-loss confidence APIs, deterministic sparse pathwise variance-or-failure split, four-event delta+mu(bad) theorem, delta+epsilon consumer, root import, Tests.Basic canary, and tools/docs/retrieval synchronization."
2026-07-17T05:47:18+00:00,EXP3-MIXED-SQUARE-PREDICTABLE-VARIANCE-SPARSE-LOSS-REALIZED-PATHWISE-VARIANCE-PROBABILISTIC-SPARSITY,reviewer,review,accepted,BanditRLProof.Exp3MixedSquarePredictableVarianceSparseLossRealizedPathwiseVarianceProbabilisticSparsity,019f6e49-4b47-7720-8fbe-6f3be4aa5f8c,,"Independent review found no P0-P3. Verified observed/predictable/realized off-bad inclusions, four delta/4 allocations, strict-boundary directions, pointwise sparse variance-or-failure split, one-time sparsityFailure charge, identical generated measure for epsilon, and documentation claim discipline."
2026-07-17T05:57:32+00:00,EXP3-MIXED-SQUARE-PREDICTABLE-VARIANCE-SPARSE-LOSS-REALIZED-PATHWISE-VARIANCE-PROBABILISTIC-SPARSITY-TUNING,lower,build,compiled,BanditRLProof.Exp3MixedSquarePredictableVarianceSparseLossRealizedPathwiseVarianceProbabilisticSparsityTuning,BanditRLProof/Exp3MixedSquarePredictableVarianceSparseLossRealizedPathwiseVarianceProbabilisticSparsityTuning.lean,,"Compiled four-event sparse pathwise-variance scale, internal eta positivity/balance, three-copy Hedge bound, raw-to-tuned inclusion, exact-measure delta+mu(bad) and delta+epsilon endpoints, root import, Tests.Basic canary, tools/docs/retrieval synchronization."
2026-07-17T06:01:55+00:00,EXP3-MIXED-SQUARE-PREDICTABLE-VARIANCE-SPARSE-LOSS-REALIZED-PATHWISE-VARIANCE-PROBABILISTIC-SPARSITY-TUNING,reviewer,review,accepted,,019f6e49-4b47-7720-8fbe-6f3be4aa5f8c,,"Independent read-only review found no P0-P3 issues: confirmed four delta/4 events and pathwise (1/(gamma/K))*S*T variance scale, eta positivity/balance and three-copy Hedge algebra, raw-to-tuned event inclusion direction, identical internal-eta generated measure for residual and epsilon endpoints, and documentation boundaries. Explicit gamma scheduling and all-horizon migration remain open."
2026-07-17T06:02:45+00:00,EXP3-MIXED-SQUARE-PREDICTABLE-VARIANCE-SPARSE-LOSS-REALIZED-PATHWISE-VARIANCE-PROBABILISTIC-SPARSITY-TUNING,lower,build,compiled,BanditRLProof.Exp3MixedSquarePredictableVarianceSparseLossRealizedPathwiseVarianceProbabilisticSparsityTuning,BanditRLProof/Exp3MixedSquarePredictableVarianceSparseLossRealizedPathwiseVarianceProbabilisticSparsityTuning.lean,,"Final project gate passed: lake build (3210 jobs), lake build Tests (3212 jobs), and tools/test_bandit_cli.py (10 tests, 1 skipped)."
2026-07-17T06:26:53+00:00,EXP3-MIXED-SQUARE-PREDICTABLE-VARIANCE-SPARSE-LOSS-REALIZED-PATHWISE-VARIANCE-PROBABILISTIC-SPARSITY-EXPLICIT-TUNING,lower,attempt,failed,BanditRLProof.Exp3MixedSquarePredictableVarianceSparseLossRealizedPathwiseVarianceProbabilisticSparsityExplicitTuning,BanditRLProof/Exp3MixedSquarePredictableVarianceSparseLossRealizedPathwiseVarianceProbabilisticSparsityExplicitTuning.lean,,"Initial raw-schedule half-bound omitted the real-algebra contract 0<S, so nonnegativity of K*S*log(K)^2*log(4/delta) was not derivable from the large-horizon inequalities alone. Added hS:0<S, matching the final theorem's positive natural sparsity contract; current route retained."
2026-07-17T06:27:04+00:00,EXP3-MIXED-SQUARE-PREDICTABLE-VARIANCE-SPARSE-LOSS-REALIZED-PATHWISE-VARIANCE-PROBABILISTIC-SPARSITY-EXPLICIT-TUNING,lower,build,compiled,BanditRLProof.Exp3MixedSquarePredictableVarianceSparseLossRealizedPathwiseVarianceProbabilisticSparsityExplicitTuning,BanditRLProof/Exp3MixedSquarePredictableVarianceSparseLossRealizedPathwiseVarianceProbabilisticSparsityExplicitTuning.lean,,"Compiled K*S pathwise fifth-root scale, radius and balanced-root bounds, 14*gamma*T comparison, clipped four-component gamma schedule, residual and delta+epsilon generated tails, root import, Tests.Basic external canary, and synchronized tools/docs/retrieval records. No global K*T envelope, K^2 mixed numerator, or polynomial Markov 1/delta."
2026-07-17T06:33:25+00:00,EXP3-MIXED-SQUARE-PREDICTABLE-VARIANCE-SPARSE-LOSS-REALIZED-PATHWISE-VARIANCE-PROBABILISTIC-SPARSITY-EXPLICIT-TUNING,reviewer,review,accepted,,019f6e49-4b47-7720-8fbe-6f3be4aa5f8c,,"Independent read-only review found no P0-P3 issues. Confirmed K*S*T/gamma rewrite, fifth-power and linear radius algebra, 14=6+1+3+3+1 constant split, 4/32/8/8 inactive-clipping contracts, identical internal gamma/eta generated measures for residual and epsilon endpoints, and honest documentation that old Markov explicit is algebra-only while all-horizon remains open."
2026-07-17T06:50:52+00:00,EXP3-MIXED-SQUARE-PREDICTABLE-VARIANCE-SPARSE-LOSS-REALIZED-PATHWISE-VARIANCE-PROBABILISTIC-SPARSITY-ALL-HORIZON,lower,build,accepted,BanditRLProof.Exp3MixedSquarePredictableVarianceSparseLossRealizedPathwiseVarianceProbabilisticSparsityAllHorizon,local,,"Compiled named four-contract condition, branch threshold, residual delta+mu(bad), and practical delta+epsilon theorem. Large branch reuses explicit pathwise 14*gamma*T route; false branch uses strict T+1 zero-probability tail under the identical internal gamma/eta/generated measure. Root import and Tests.Basic external canary passed."
2026-07-17T06:51:34+00:00,EXP3-MIXED-SQUARE-PREDICTABLE-VARIANCE-SPARSE-LOSS-REALIZED-PATHWISE-VARIANCE-PROBABILISTIC-SPARSITY-ALL-HORIZON,reviewer,review,accepted,BanditRLProof.Exp3MixedSquarePredictableVarianceSparseLossRealizedPathwiseVarianceProbabilisticSparsityAllHorizon,019f6e49-4b47-7720-8fbe-6f3be4aa5f8c,,"Independent read-only review found no P0-P3 issues. Confirmed exact four-contract projection, identical clipped gamma/pathwise eta/generated measure in both branches, strict T+1 zero-probability fallback weakened only by nonnegative bad-event mass, same-measure epsilon consumption, and honest root/canary/tools/docs limitations."
2026-07-17T07:16:26+00:00,EXP3-MIXED-SQUARE-PREDICTABLE-VARIANCE-SPARSE-LOSS-REALIZED-PATHWISE-VARIANCE-PROBABILISTIC-SPARSITY-BEST-ARM-ALL-HORIZON,lower,attempt,rejected,BanditRLProof/Exp3MixedSquarePredictableVarianceSparseLossRealizedPathwiseVarianceProbabilisticSparsityBestArmAllHorizon.lean,local,,Initial implementation exposed two Lean API/algebra mismatches: Finset.inf'_le_iff required the explicit nonempty witness harms and the ENNReal endpoint needed explicit mul_add plus deltaArm unfolding. The theorem statement and finite-union route were retained; only the local API applications and normalization were repaired.
2026-07-17T07:16:27+00:00,EXP3-MIXED-SQUARE-PREDICTABLE-VARIANCE-SPARSE-LOSS-REALIZED-PATHWISE-VARIANCE-PROBABILISTIC-SPARSITY-BEST-ARM-ALL-HORIZON,lower,build,accepted,BanditRLProof/Exp3MixedSquarePredictableVarianceSparseLossRealizedPathwiseVarianceProbabilisticSparsityBestArmAllHorizon.lean,local,,"Focused module plus root and Tests.Basic builds passed. Finset.inf' best-arm event equivalence, delta/K comparator union, residual delta+K*mu(bad), and calibrated epsilon/K practical theorem compile without sorry/admit/axiom/postulate."
2026-07-17T07:20:41+00:00,EXP3-MIXED-SQUARE-PREDICTABLE-VARIANCE-SPARSE-LOSS-REALIZED-PATHWISE-VARIANCE-PROBABILISTIC-SPARSITY-BEST-ARM-ALL-HORIZON,reviewer,review,accepted,BanditRLProof/Exp3MixedSquarePredictableVarianceSparseLossRealizedPathwiseVarianceProbabilisticSparsityBestArmAllHorizon.lean,local-agent:Gibbs,019f6e49-4b47-7720-8fbe-6f3be4aa5f8c,"Independent read-only review found no P0-P3 issues. It verified the Finset.inf' event equivalence, common delta/K schedule and measure across arms, finite-union/ENNReal accounting, honest delta+K*mu(bad) residual, epsilon/K practical calibration, and synchronized limitations. Residual risks: K>=2 only, common bad event charged K times, delta/K log-K cost, coarse T+1 fallback, and no first-order/Freedman/anytime/ideal EXP3.P claim."
2026-07-17T07:52:48+00:00,EXP3-MIXED-SQUARE-PREDICTABLE-VARIANCE-SPARSE-LOSS-REALIZED-PATHWISE-VARIANCE-PROBABILISTIC-SPARSITY-BEST-ARM-ALL-HORIZON,lower,build,accepted,BanditRLProof/Exp3MixedSquarePredictableVarianceSparseLossRealizedPathwiseVarianceProbabilisticSparsityBestArmAllHorizon.lean,local,,"Compiled the single-charge common-bad theorem route end to end. Added off-sparsityFailure tails at raw pathwise, eta-tuned, gamma-characterized, fully explicit, and fixed-comparator all-horizon layers; unioned finite comparator off-bad events at delta/K; normalized to delta; then added the common sparsity-failure set once to obtain delta+mu(bad) and practical delta+epsilon under unscaled same-measure mu(bad)<=ofReal(epsilon). Existing K-charge wrappers remain compatible. Root and Tests.Basic external canary passed."
2026-07-17T08:02:55+00:00,EXP3-MIXED-SQUARE-PREDICTABLE-VARIANCE-SPARSE-LOSS-REALIZED-PATHWISE-VARIANCE-PROBABILISTIC-SPARSITY-BEST-ARM-ALL-HORIZON,reviewer,review,accepted,BanditRLProof/Exp3MixedSquarePredictableVarianceSparseLossRealizedPathwiseVarianceProbabilisticSparsityBestArmAllHorizon.lean,local-agent:Gibbs,019f6e49-4b47-7720-8fbe-6f3be4aa5f8c,"Independent read-only review found no P0-P2 proof issues. It verified raw variance-or-bad off-event inclusion, set-difference-preserving tuned/gamma/explicit threshold transports under identical measures, all-horizon E\\B subset E fallback, Finset.inf' event equivalence, finite-union difference distribution, delta/K ENNReal normalization, one-time E subset (E\\B) union B charge, unscaled same-measure epsilon premise, and old API compatibility. One P3 stale raw/tuning status claim about unfinished all-horizon migration was found and fixed in tools, theory tree, and collaborator guide. Residual risks remain K>=2, delta/K log-K cost, coarse T+1 fallback, bounded deviation, and no first-order/Freedman/anytime/ideal EXP3.P claim."
2026-07-17T08:18:37+00:00,EXP3-MIXED-SQUARE-BERNSTEIN-REALIZED-BEST-ARM-ALL-HORIZON,middle,build,accepted,BanditRLProof/Exp3MixedSquareBernsteinRealizedBestArmAllHorizon.lean,LOCAL-LEAF-EXP3-MIXED-SQUARE-BERNSTEIN-REALIZED-ALL-HORIZON,,"Extracted shared Exp3BestArm order transport; proved finite delta/K comparator union under one generated measure; focused modules, root import, and external Tests.Basic canary compile."
2026-07-17T08:24:54+00:00,EXP3-MIXED-SQUARE-BERNSTEIN-REALIZED-BEST-ARM-ALL-HORIZON,reviewer,review,accepted,BanditRLProof/Exp3MixedSquareBernsteinRealizedBestArmAllHorizon.lean,LOCAL-LEAF-EXP3-MIXED-SQUARE-BERNSTEIN-REALIZED-BEST-ARM-ALL-HORIZON,,Independent review found no Lean correctness or overstatement issue. P2 stale/missing task retrieval snapshots was fixed by memory-refresh for the new Bernstein best-arm row and the prior sparse best-arm row.
2026-07-17T09:20:28+00:00,EXP3-MIXED-SQUARE-PREDICTABLE-VARIANCE-SPARSE-LOSS-REALIZED-DOUBLE-PATHWISE-VARIANCE-PROBABILISTIC-SPARSITY,middle,build,accepted,BanditRLProof/Exp3MixedSquarePredictableVarianceSparseLossRealizedDoublePathwiseVarianceProbabilisticSparsity.lean,LOCAL-LEAF-EXP3-MIXED-SQUARE-PREDICTABLE-VARIANCE-SPARSE-LOSS-REALIZED-PATHWISE-VARIANCE-PROBABILISTIC-SPARSITY,,"Compiled exact selected-loss predictable variance, generated conditional MGF and deterministic-feedback transport, predictable process and optimized joint tail; combined it with the mixed-square predictable-regret event; closed sparse off-bad, single-charge residual, and same-measure delta+epsilon caller-eta/gamma theorem. Root and external canary builds pass. Downstream tuning/all-horizon/best-arm migration remains open."
2026-07-17T09:34:07+00:00,LOCAL-LEAF-EXP3-MIXED-SQUARE-PREDICTABLE-VARIANCE-SPARSE-LOSS-REALIZED-DOUBLE-PATHWISE-VARIANCE-PROBABILISTIC-SPARSITY,reviewer,review,accepted,BanditRLProof/Exp3MixedSquarePredictableVarianceSparseLossRealizedDoublePathwiseVarianceProbabilisticSparsity.lean,local-agent:Einstein,019f6f61-4224-7eb1-bbd9-0302eae6e53d,"Independent review found no P0-P2 issues. Fixed all P3 findings: indexed supporting declarations, replaced nonexistent consumed_by with planned_next, added intermediate external canaries, and narrowed the foundation import."
2026-07-17T10:01:44+00:00,LOCAL-LEAF-EXP3-MIXED-SQUARE-PREDICTABLE-VARIANCE-SPARSE-LOSS-REALIZED-DOUBLE-PATHWISE-VARIANCE-PROBABILISTIC-SPARSITY-TUNING,lower,build,compiled,BanditRLProof/Exp3MixedSquarePredictableVarianceSparseLossRealizedDoublePathwiseVarianceProbabilisticSparsityTuning.lean,local-lean,,"Compiled generic small-loss double-variance off-bad joint tail, corrected sparse raw budget from K*T to S*T, eta-tuned off-bad/residual/delta+epsilon endpoints, root import, and external Tests.Basic canary."
2026-07-17T10:10:51+00:00,LOCAL-LEAF-EXP3-MIXED-SQUARE-PREDICTABLE-VARIANCE-SPARSE-LOSS-REALIZED-DOUBLE-PATHWISE-VARIANCE-PROBABILISTIC-SPARSITY-TUNING,reviewer,review,accepted,BanditRLProof/Exp3MixedSquarePredictableVarianceSparseLossRealizedDoublePathwiseVarianceProbabilisticSparsityTuning.lean,local-agent:Mill,019f6f84-f3a9-7860-a6aa-a05d4c2e171f,"Independent review found no P0-P2 issues and confirmed S*T budget correction, event decomposition, one-time bad-set charge, eta containment direction, identical generated measure, and regularity. Fixed all P3 findings: clarified off-bad branch wording, distinguished mixed upper bound from exact selected variance, and added full off-bad and residual external canaries."
2026-07-17T10:36:08+00:00,EXP3-MIXED-SQUARE-PREDICTABLE-VARIANCE-SPARSE-LOSS-REALIZED-DOUBLE-PATHWISE-VARIANCE-PROBABILISTIC-SPARSITY-EXPLICIT-TUNING,lower,build,compiled,Exp3.sampledPredictable_explicitDoubleVarianceProbabilisticSparseLossRealizedRegret_tail_of_sparsityFailure_le,project-local,,"Compiled explicit gamma schedule with four horizon contracts, exact selected-loss predictable-variance radius, 16*gamma*T threshold, and off-bad/residual/practical external canaries."
2026-07-17T10:39:42+00:00,EXP3-MIXED-SQUARE-PREDICTABLE-VARIANCE-SPARSE-LOSS-REALIZED-DOUBLE-PATHWISE-VARIANCE-PROBABILISTIC-SPARSITY-EXPLICIT-TUNING,reviewer,review,accepted,Exp3.sampledPredictable_explicitDoubleVarianceProbabilisticSparseLossRealizedRegret_tail_of_sparsityFailure_le,project-local,019f6f61-4224-7eb1-bbd9-0302eae6e53d,"Independent read-only review found no P0-P3 issues; confirmed all schedule components, the selected-loss radius and 16*gamma*T constant, event containment direction, identical generated measure, and single bad-event charge."
2026-07-18T05:26:13+00:00,EXP3-MIXED-SQUARE-PREDICTABLE-VARIANCE-SPARSE-LOSS-REALIZED-DOUBLE-PATHWISE-VARIANCE-PROBABILISTIC-SPARSITY-ALL-HORIZON,lower,build,compiled,Exp3.sampledPredictable_allHorizonDoubleVarianceProbabilisticSparseLossRealizedRegret_tail_of_sparsityFailure_le,project-local,,"Focused module build and Tests.Basic external off-bad/residual/practical canaries passed. The true branch reuses the explicit four-contract 16*gamma*T route; the false branch uses strict T+1 under identical internal eta, clipped gamma, and generated measure; the practical endpoint charges the common sparsity failure once."
2026-07-18T05:32:07+00:00,EXP3-MIXED-SQUARE-PREDICTABLE-VARIANCE-SPARSE-LOSS-REALIZED-DOUBLE-PATHWISE-VARIANCE-PROBABILISTIC-SPARSITY-ALL-HORIZON,lower,review,accepted,Exp3.sampledPredictable_allHorizonDoubleVarianceProbabilisticSparseLossRealizedRegret_tail_of_sparsityFailure_le,local-independent-review,,"Independent review found no P0-P2 Lean issues: four contracts match, both branches share eta/gamma/generated measure, and the common sparsity failure is charged once. Two P3 synchronization issues were fixed: refresh now follows trial logging, and the declaration scanner tracks nested Lean block comments with a regression test."
2026-07-18T05:40:08+00:00,EXP3-MIXED-SQUARE-PREDICTABLE-VARIANCE-SPARSE-LOSS-REALIZED-DOUBLE-PATHWISE-VARIANCE-PROBABILISTIC-SPARSITY-BEST-ARM-ALL-HORIZON,lower,build,compiled,Exp3.sampledPredictable_allHorizonDoubleVarianceProbabilisticSparseLossBestArmRealizedRegret_tail_of_sparsityFailure_le,project-local,,"Focused module and Tests.Basic builds passed. The exact all-horizon fixed-comparator off-bad tail is applied at delta/K under one comparator-independent eta/gamma/generated measure; Finset.inf' event transport and finite union give total delta, and the common sparsityFailure event is added once for practical delta+epsilon."
2026-07-18T05:44:53+00:00,EXP3-MIXED-SQUARE-PREDICTABLE-VARIANCE-SPARSE-LOSS-REALIZED-DOUBLE-PATHWISE-VARIANCE-PROBABILISTIC-SPARSITY-BEST-ARM-ALL-HORIZON,lower,review,accepted,Exp3.sampledPredictable_allHorizonDoubleVarianceProbabilisticSparseLossBestArmRealizedRegret_tail_of_sparsityFailure_le,local-independent-review,,"Independent review found no P0-P3 issues. It verified the Finset.inf' event equivalence, 0<delta/K<=1, exact ENNReal normalization, comparator-independent eta/gamma/generated measure, distribution of set difference through the finite union, one common sparsityFailure charge, unscaled same-measure epsilon premise, and synchronized status/failure policy."
